전술ID,전술명,전술 설명,기법ID,기법명,기법 설명,주요 사용 사례,MITRE 페이지
TA0043,Reconnaissance (정찰),공격자가 미래 작전을 계획하기 위해 정보를 수집하는 단계. 대상 조직의 인프라나 직원 정보를 능동적/수동적으로 수집,T1595,Active Scanning,공격자가 대상의 IP 주소나 서비스를 스캔하여 취약점을 찾음,포트 스캔으로 열린 서비스 찾기,https://attack.mitre.org/techniques/T1595/
TA0043,Reconnaissance (정찰),공격자가 미래 작전을 계획하기 위해 정보를 수집하는 단계. 대상 조직의 인프라나 직원 정보를 능동적/수동적으로 수집,T1592,Gather Victim Host Information,공격자가 피해자의 컴퓨터 정보를 수집함,운영체제나 소프트웨어 버전 정보 수집,https://attack.mitre.org/techniques/T1592/
TA0043,Reconnaissance (정찰),공격자가 미래 작전을 계획하기 위해 정보를 수집하는 단계. 대상 조직의 인프라나 직원 정보를 능동적/수동적으로 수집,T1589,Gather Victim Identity Information,공격자가 피해자의 신원 정보를 수집함,직원 이메일 주소나 이름 수집,https://attack.mitre.org/techniques/T1589/
TA0043,Reconnaissance (정찰),공격자가 미래 작전을 계획하기 위해 정보를 수집하는 단계. 대상 조직의 인프라나 직원 정보를 능동적/수동적으로 수집,T1590,Gather Victim Network Information,공격자가 피해자의 네트워크 정보를 수집함,네트워크 토폴로지나 IP 범위 파악,https://attack.mitre.org/techniques/T1590/
TA0043,Reconnaissance (정찰),공격자가 미래 작전을 계획하기 위해 정보를 수집하는 단계. 대상 조직의 인프라나 직원 정보를 능동적/수동적으로 수집,T1591,Gather Victim Org Information,공격자가 피해 조직의 정보를 수집함,회사 구조나 사업 정보 파악,https://attack.mitre.org/techniques/T1591/
TA0043,Reconnaissance (정찰),공격자가 미래 작전을 계획하기 위해 정보를 수집하는 단계. 대상 조직의 인프라나 직원 정보를 능동적/수동적으로 수집,T1598,Phishing for Information,공격자가 피싱을 통해 정보를 얻음,가짜 이메일로 로그인 정보 유도,https://attack.mitre.org/techniques/T1598/
TA0043,Reconnaissance (정찰),공격자가 미래 작전을 계획하기 위해 정보를 수집하는 단계. 대상 조직의 인프라나 직원 정보를 능동적/수동적으로 수집,T1597,Search Closed Sources,공격자가 비공개 정보 소스를 검색함,다크웹이나 유료 데이터베이스 검색,https://attack.mitre.org/techniques/T1597/
TA0043,Reconnaissance (정찰),공격자가 미래 작전을 계획하기 위해 정보를 수집하는 단계. 대상 조직의 인프라나 직원 정보를 능동적/수동적으로 수집,T1596,Search Open Technical Databases,공격자가 공개 기술 데이터베이스를 검색함,WHOIS나 DNS 정보 조회,https://attack.mitre.org/techniques/T1596/
TA0043,Reconnaissance (정찰),공격자가 미래 작전을 계획하기 위해 정보를 수집하는 단계. 대상 조직의 인프라나 직원 정보를 능동적/수동적으로 수집,T1593,Search Open Websites/Domains,공격자가 공개 웹사이트를 검색함,소셜 미디어나 회사 웹사이트 조사,https://attack.mitre.org/techniques/T1593/
TA0043,Reconnaissance (정찰),공격자가 미래 작전을 계획하기 위해 정보를 수집하는 단계. 대상 조직의 인프라나 직원 정보를 능동적/수동적으로 수집,T1594,Search Victim-Owned Websites,공격자가 피해자 소유 웹사이트를 검색함,회사 공식 웹사이트에서 정보 수집,https://attack.mitre.org/techniques/T1594/
TA0042,Resource Development (자원 개발),공격자가 공격에 사용할 자원을 확보하고 준비하는 단계. 인프라나 계정 또는 능력을 얻거나 만듦,T1583,Acquire Infrastructure,공격자가 공격용 인프라를 확보함,서버나 도메인 구매/대여,https://attack.mitre.org/techniques/T1583/
TA0042,Resource Development (자원 개발),공격자가 공격에 사용할 자원을 확보하고 준비하는 단계. 인프라나 계정 또는 능력을 얻거나 만듦,T1586,Compromise Accounts,공격자가 계정을 탈취함,이메일이나 소셜 미디어 계정 해킹,https://attack.mitre.org/techniques/T1586/
TA0042,Resource Development (자원 개발),공격자가 공격에 사용할 자원을 확보하고 준비하는 단계. 인프라나 계정 또는 능력을 얻거나 만듦,T1584,Compromise Infrastructure,공격자가 인프라를 탈취함,다른 서버를 해킹하여 공격 거점 확보,https://attack.mitre.org/techniques/T1584/
TA0042,Resource Development (자원 개발),공격자가 공격에 사용할 자원을 확보하고 준비하는 단계. 인프라나 계정 또는 능력을 얻거나 만듦,T1587,Develop Capabilities,공격자가 공격 능력을 개발함,맞춤형 악성코드나 익스플로잇 제작,https://attack.mitre.org/techniques/T1587/
TA0042,Resource Development (자원 개발),공격자가 공격에 사용할 자원을 확보하고 준비하는 단계. 인프라나 계정 또는 능력을 얻거나 만듦,T1585,Establish Accounts,공격자가 계정을 만듦,가짜 이메일이나 소셜 미디어 계정 생성,https://attack.mitre.org/techniques/T1585/
TA0042,Resource Development (자원 개발),공격자가 공격에 사용할 자원을 확보하고 준비하는 단계. 인프라나 계정 또는 능력을 얻거나 만듦,T1588,Obtain Capabilities,공격자가 공격 능력을 얻음,다크웹에서 악성코드나 도구 구매,https://attack.mitre.org/techniques/T1588/
TA0042,Resource Development (자원 개발),공격자가 공격에 사용할 자원을 확보하고 준비하는 단계. 인프라나 계정 또는 능력을 얻거나 만듦,T1608,Stage Capabilities,공격자가 능력을 배치함,악성코드를 서버에 업로드하여 준비,https://attack.mitre.org/techniques/T1608/
TA0001,Initial Access (초기 접근),공격자가 대상 네트워크에 처음 침투하는 단계. 다양한 진입 경로를 사용하여 초기 거점 확보,T1189,Drive-by Compromise,공격자가 웹사이트 방문만으로 감염시킴,악성 코드가 심어진 웹사이트 방문 시 자동 감염,https://attack.mitre.org/techniques/T1189/
TA0001,Initial Access (초기 접근),공격자가 대상 네트워크에 처음 침투하는 단계. 다양한 진입 경로를 사용하여 초기 거점 확보,T1190,Exploit Public-Facing Application,공격자가 공개 웹 애플리케이션의 취약점을 악용함,웹서버의 보안 허점을 이용한 침투,https://attack.mitre.org/techniques/T1190/
TA0001,Initial Access (초기 접근),공격자가 대상 네트워크에 처음 침투하는 단계. 다양한 진입 경로를 사용하여 초기 거점 확보,T1133,External Remote Services,공격자가 외부 원격 서비스를 통해 접근함,VPN이나 원격 데스크톱을 통한 침입,https://attack.mitre.org/techniques/T1133/
TA0001,Initial Access (초기 접근),공격자가 대상 네트워크에 처음 침투하는 단계. 다양한 진입 경로를 사용하여 초기 거점 확보,T1200,Hardware Additions,공격자가 물리적 하드웨어를 추가함,USB 키로거나 네트워크 장비 몰래 설치,https://attack.mitre.org/techniques/T1200/
TA0001,Initial Access (초기 접근),공격자가 대상 네트워크에 처음 침투하는 단계. 다양한 진입 경로를 사용하여 초기 거점 확보,T1566,Phishing,공격자가 피싱 공격을 수행함,악성 첨부파일이나 링크가 포함된 이메일 발송,https://attack.mitre.org/techniques/T1566/
TA0001,Initial Access (초기 접근),공격자가 대상 네트워크에 처음 침투하는 단계. 다양한 진입 경로를 사용하여 초기 거점 확보,T1091,Replication Through Removable Media,공격자가 이동식 매체를 통해 전파함,USB 드라이브를 통한 악성코드 감염,https://attack.mitre.org/techniques/T1091/
TA0001,Initial Access (초기 접근),공격자가 대상 네트워크에 처음 침투하는 단계. 다양한 진입 경로를 사용하여 초기 거점 확보,T1195,Supply Chain Compromise,공격자가 공급망을 침해함,소프트웨어 업데이트에 악성코드 삽입,https://attack.mitre.org/techniques/T1195/
TA0001,Initial Access (초기 접근),공격자가 대상 네트워크에 처음 침투하는 단계. 다양한 진입 경로를 사용하여 초기 거점 확보,T1199,Trusted Relationship,공격자가 신뢰 관계를 악용함,협력업체 계정을 통한 침투,https://attack.mitre.org/techniques/T1199/
TA0001,Initial Access (초기 접근),공격자가 대상 네트워크에 처음 침투하는 단계. 다양한 진입 경로를 사용하여 초기 거점 확보,T1078,Valid Accounts,공격자가 정상 계정을 사용함,탈취한 계정으로 정상 로그인,https://attack.mitre.org/techniques/T1078/
TA0002,Execution (실행),공격자가 피해자 시스템에서 악성 코드를 실행하는 단계. 다양한 방법으로 악의적 명령 수행,T1059,Command and Scripting Interpreter,공격자가 명령줄이나 스크립트를 실행함,PowerShell이나 Bash 스크립트로 악성 명령 실행,https://attack.mitre.org/techniques/T1059/
TA0002,Execution (실행),공격자가 피해자 시스템에서 악성 코드를 실행하는 단계. 다양한 방법으로 악의적 명령 수행,T1609,Container Administration Command,공격자가 컨테이너 관리 명령을 실행함,Docker나 Kubernetes 명령으로 악성 작업 수행,https://attack.mitre.org/techniques/T1609/
TA0002,Execution (실행),공격자가 피해자 시스템에서 악성 코드를 실행하는 단계. 다양한 방법으로 악의적 명령 수행,T1610,Deploy Container,공격자가 악성 컨테이너를 배포함,악성 Docker 이미지를 실행,https://attack.mitre.org/techniques/T1610/
TA0002,Execution (실행),공격자가 피해자 시스템에서 악성 코드를 실행하는 단계. 다양한 방법으로 악의적 명령 수행,T1203,Exploitation for Client Execution,공격자가 클라이언트 취약점을 악용하여 실행함,브라우저나 오피스 프로그램의 버그를 이용,https://attack.mitre.org/techniques/T1203/
TA0002,Execution (실행),공격자가 피해자 시스템에서 악성 코드를 실행하는 단계. 다양한 방법으로 악의적 명령 수행,T1559,Inter-Process Communication,공격자가 프로세스 간 통신을 악용함,DDE나 COM을 이용한 악성코드 실행,https://attack.mitre.org/techniques/T1559/
TA0002,Execution (실행),공격자가 피해자 시스템에서 악성 코드를 실행하는 단계. 다양한 방법으로 악의적 명령 수행,T1106,Native API,공격자가 시스템 API를 직접 호출함,Windows API를 직접 사용하여 탐지 회피,https://attack.mitre.org/techniques/T1106/
TA0002,Execution (실행),공격자가 피해자 시스템에서 악성 코드를 실행하는 단계. 다양한 방법으로 악의적 명령 수행,T1053,Scheduled Task/Job,공격자가 예약 작업을 생성함,예약된 시간에 악성코드가 자동 실행되도록 설정,https://attack.mitre.org/techniques/T1053/
TA0002,Execution (실행),공격자가 피해자 시스템에서 악성 코드를 실행하는 단계. 다양한 방법으로 악의적 명령 수행,T1648,Serverless Execution,공격자가 서버리스 환경에서 실행함,AWS Lambda 같은 서버리스 함수 악용,https://attack.mitre.org/techniques/T1648/
TA0002,Execution (실행),공격자가 피해자 시스템에서 악성 코드를 실행하는 단계. 다양한 방법으로 악의적 명령 수행,T1129,Shared Modules,공격자가 공유 모듈을 악용함,DLL이나 공유 라이브러리를 통한 실행,https://attack.mitre.org/techniques/T1129/
TA0002,Execution (실행),공격자가 피해자 시스템에서 악성 코드를 실행하는 단계. 다양한 방법으로 악의적 명령 수행,T1072,Software Deployment Tools,공격자가 소프트웨어 배포 도구를 악용함,SCCM 같은 관리 도구로 악성코드 배포,https://attack.mitre.org/techniques/T1072/
TA0002,Execution (실행),공격자가 피해자 시스템에서 악성 코드를 실행하는 단계. 다양한 방법으로 악의적 명령 수행,T1204,User Execution,공격자가 사용자가 실행하도록 유도함,사용자가 악성 첨부파일을 열도록 속임,https://attack.mitre.org/techniques/T1204/
TA0002,Execution (실행),공격자가 피해자 시스템에서 악성 코드를 실행하는 단계. 다양한 방법으로 악의적 명령 수행,T1047,Windows Management Instrumentation,공격자가 WMI를 사용함,WMI로 원격에서 명령 실행,https://attack.mitre.org/techniques/T1047/
TA0003,Persistence (지속성),공격자가 시스템 재시작이나 자격증명 변경에도 접근을 유지하는 단계. 지속적인 거점 확보,T1098,Account Manipulation,공격자가 계정을 조작함,관리자 권한 추가나 백도어 계정 생성,https://attack.mitre.org/techniques/T1098/
TA0003,Persistence (지속성),공격자가 시스템 재시작이나 자격증명 변경에도 접근을 유지하는 단계. 지속적인 거점 확보,T1197,BITS Jobs,공격자가 BITS를 악용함,백그라운드 전송 서비스로 악성코드 다운로드,https://attack.mitre.org/techniques/T1197/
TA0003,Persistence (지속성),공격자가 시스템 재시작이나 자격증명 변경에도 접근을 유지하는 단계. 지속적인 거점 확보,T1547,Boot or Logon Autostart Execution,공격자가 자동 시작을 설정함,시스템 부팅 시 자동으로 악성코드 실행,https://attack.mitre.org/techniques/T1547/
TA0003,Persistence (지속성),공격자가 시스템 재시작이나 자격증명 변경에도 접근을 유지하는 단계. 지속적인 거점 확보,T1037,Boot or Logon Initialization Scripts,공격자가 시작 스크립트를 설치함,로그인 시 실행되는 스크립트에 악성코드 삽입,https://attack.mitre.org/techniques/T1037/
TA0003,Persistence (지속성),공격자가 시스템 재시작이나 자격증명 변경에도 접근을 유지하는 단계. 지속적인 거점 확보,T1176,Browser Extensions,공격자가 브라우저 확장을 설치함,악성 브라우저 플러그인으로 데이터 탈취,https://attack.mitre.org/techniques/T1176/
TA0003,Persistence (지속성),공격자가 시스템 재시작이나 자격증명 변경에도 접근을 유지하는 단계. 지속적인 거점 확보,T1554,Compromise Client Software Binary,공격자가 클라이언트 소프트웨어를 변조함,정상 프로그램 파일을 악성 버전으로 교체,https://attack.mitre.org/techniques/T1554/
TA0003,Persistence (지속성),공격자가 시스템 재시작이나 자격증명 변경에도 접근을 유지하는 단계. 지속적인 거점 확보,T1136,Create Account,공격자가 새 계정을 만듦,백도어용 숨겨진 관리자 계정 생성,https://attack.mitre.org/techniques/T1136/
TA0003,Persistence (지속성),공격자가 시스템 재시작이나 자격증명 변경에도 접근을 유지하는 단계. 지속적인 거점 확보,T1543,Create or Modify System Process,공격자가 시스템 프로세스를 만들거나 수정함,악성 서비스나 데몬 등록,https://attack.mitre.org/techniques/T1543/
TA0003,Persistence (지속성),공격자가 시스템 재시작이나 자격증명 변경에도 접근을 유지하는 단계. 지속적인 거점 확보,T1546,Event Triggered Execution,공격자가 이벤트 트리거 실행을 설정함,특정 이벤트 발생 시 악성코드 자동 실행,https://attack.mitre.org/techniques/T1546/
TA0003,Persistence (지속성),공격자가 시스템 재시작이나 자격증명 변경에도 접근을 유지하는 단계. 지속적인 거점 확보,T1133,External Remote Services,공격자가 외부 원격 서비스에 접근 유지,VPN 계정으로 지속적 접근,https://attack.mitre.org/techniques/T1133/
TA0003,Persistence (지속성),공격자가 시스템 재시작이나 자격증명 변경에도 접근을 유지하는 단계. 지속적인 거점 확보,T1574,Hijack Execution Flow,공격자가 실행 흐름을 가로챔,DLL 하이재킹으로 정상 프로그램이 악성 코드 실행,https://attack.mitre.org/techniques/T1574/
TA0003,Persistence (지속성),공격자가 시스템 재시작이나 자격증명 변경에도 접근을 유지하는 단계. 지속적인 거점 확보,T1525,Implant Internal Image,공격자가 내부 이미지를 심음,VM이나 컨테이너 이미지에 백도어 삽입,https://attack.mitre.org/techniques/T1525/
TA0003,Persistence (지속성),공격자가 시스템 재시작이나 자격증명 변경에도 접근을 유지하는 단계. 지속적인 거점 확보,T1556,Modify Authentication Process,공격자가 인증 프로세스를 변경함,로그인 과정을 조작하여 백도어 생성,https://attack.mitre.org/techniques/T1556/
TA0003,Persistence (지속성),공격자가 시스템 재시작이나 자격증명 변경에도 접근을 유지하는 단계. 지속적인 거점 확보,T1137,Office Application Startup,공격자가 오피스 자동 시작을 악용함,워드나 엑셀 시작 시 매크로 자동 실행,https://attack.mitre.org/techniques/T1137/
TA0003,Persistence (지속성),공격자가 시스템 재시작이나 자격증명 변경에도 접근을 유지하는 단계. 지속적인 거점 확보,T1542,Pre-OS Boot,공격자가 OS 부팅 전 단계를 악용함,BIOS나 UEFI 펌웨어에 악성코드 삽입,https://attack.mitre.org/techniques/T1542/
TA0003,Persistence (지속성),공격자가 시스템 재시작이나 자격증명 변경에도 접근을 유지하는 단계. 지속적인 거점 확보,T1053,Scheduled Task/Job,공격자가 예약 작업을 생성함,정기적으로 악성코드가 실행되도록 스케줄 설정,https://attack.mitre.org/techniques/T1053/
TA0003,Persistence (지속성),공격자가 시스템 재시작이나 자격증명 변경에도 접근을 유지하는 단계. 지속적인 거점 확보,T1505,Server Software Component,공격자가 서버 소프트웨어 구성요소를 추가함,웹쉘이나 악성 플러그인 설치,https://attack.mitre.org/techniques/T1505/
TA0003,Persistence (지속성),공격자가 시스템 재시작이나 자격증명 변경에도 접근을 유지하는 단계. 지속적인 거점 확보,T1205,Traffic Signaling,공격자가 트래픽 시그널링을 사용함,특정 신호로 백도어 활성화,https://attack.mitre.org/techniques/T1205/
TA0003,Persistence (지속성),공격자가 시스템 재시작이나 자격증명 변경에도 접근을 유지하는 단계. 지속적인 거점 확보,T1078,Valid Accounts,공격자가 정상 계정을 유지함,탈취한 계정으로 지속적 접근,https://attack.mitre.org/techniques/T1078/
TA0004,Privilege Escalation (권한 상승),공격자가 더 높은 권한을 얻는 단계. 더 많은 시스템 자원과 민감 정보에 접근,T1548,Abuse Elevation Control Mechanism,공격자가 권한 상승 제어를 악용함,UAC 우회하여 관리자 권한 획득,https://attack.mitre.org/techniques/T1548/
TA0004,Privilege Escalation (권한 상승),공격자가 더 높은 권한을 얻는 단계. 더 많은 시스템 자원과 민감 정보에 접근,T1134,Access Token Manipulation,공격자가 액세스 토큰을 조작함,다른 사용자의 토큰을 훔쳐 권한 획득,https://attack.mitre.org/techniques/T1134/
TA0004,Privilege Escalation (권한 상승),공격자가 더 높은 권한을 얻는 단계. 더 많은 시스템 자원과 민감 정보에 접근,T1547,Boot or Logon Autostart Execution,공격자가 자동 시작으로 권한 상승,높은 권한으로 실행되는 자동 시작 악용,https://attack.mitre.org/techniques/T1547/
TA0004,Privilege Escalation (권한 상승),공격자가 더 높은 권한을 얻는 단계. 더 많은 시스템 자원과 민감 정보에 접근,T1037,Boot or Logon Initialization Scripts,공격자가 초기화 스크립트로 권한 상승,시스템 시작 스크립트의 높은 권한 악용,https://attack.mitre.org/techniques/T1037/
TA0004,Privilege Escalation (권한 상승),공격자가 더 높은 권한을 얻는 단계. 더 많은 시스템 자원과 민감 정보에 접근,T1543,Create or Modify System Process,공격자가 시스템 프로세스를 만들어 권한 상승,SYSTEM 권한으로 실행되는 서비스 생성,https://attack.mitre.org/techniques/T1543/
TA0004,Privilege Escalation (권한 상승),공격자가 더 높은 권한을 얻는 단계. 더 많은 시스템 자원과 민감 정보에 접근,T1484,Domain or Tenant Policy Modification,공격자가 도메인 정책을 수정함,그룹 정책으로 권한 확대,https://attack.mitre.org/techniques/T1484/
TA0004,Privilege Escalation (권한 상승),공격자가 더 높은 권한을 얻는 단계. 더 많은 시스템 자원과 민감 정보에 접근,T1611,Escape to Host,공격자가 컨테이너에서 호스트로 탈출,Docker 컨테이너에서 호스트 시스템 접근,https://attack.mitre.org/techniques/T1611/
TA0004,Privilege Escalation (권한 상승),공격자가 더 높은 권한을 얻는 단계. 더 많은 시스템 자원과 민감 정보에 접근,T1546,Event Triggered Execution,공격자가 이벤트 트리거로 권한 상승,높은 권한 이벤트 핸들러 악용,https://attack.mitre.org/techniques/T1546/
TA0004,Privilege Escalation (권한 상승),공격자가 더 높은 권한을 얻는 단계. 더 많은 시스템 자원과 민감 정보에 접근,T1068,Exploitation for Privilege Escalation,공격자가 취약점으로 권한 상승,커널 취약점을 이용한 루트 권한 획득,https://attack.mitre.org/techniques/T1068/
TA0004,Privilege Escalation (권한 상승),공격자가 더 높은 권한을 얻는 단계. 더 많은 시스템 자원과 민감 정보에 접근,T1574,Hijack Execution Flow,공격자가 실행 흐름 가로채기로 권한 상승,높은 권한 프로그램의 DLL 하이재킹,https://attack.mitre.org/techniques/T1574/
TA0004,Privilege Escalation (권한 상승),공격자가 더 높은 권한을 얻는 단계. 더 많은 시스템 자원과 민감 정보에 접근,T1055,Process Injection,공격자가 프로세스 인젝션으로 권한 상승,높은 권한 프로세스에 코드 주입,https://attack.mitre.org/techniques/T1055/
TA0004,Privilege Escalation (권한 상승),공격자가 더 높은 권한을 얻는 단계. 더 많은 시스템 자원과 민감 정보에 접근,T1053,Scheduled Task/Job,공격자가 예약 작업으로 권한 상승,SYSTEM 권한 예약 작업 악용,https://attack.mitre.org/techniques/T1053/
TA0004,Privilege Escalation (권한 상승),공격자가 더 높은 권한을 얻는 단계. 더 많은 시스템 자원과 민감 정보에 접근,T1078,Valid Accounts,공격자가 높은 권한 계정 사용,관리자 계정 탈취하여 권한 상승,https://attack.mitre.org/techniques/T1078/
TA0005,Defense Evasion (방어 회피),공격자가 보안 탐지를 회피하는 단계. 탐지되지 않기 위해 다양한 기술 사용,T1548,Abuse Elevation Control Mechanism,공격자가 권한 제어 우회,UAC 우회하여 탐지 회피,https://attack.mitre.org/techniques/T1548/
TA0005,Defense Evasion (방어 회피),공격자가 보안 탐지를 회피하는 단계. 탐지되지 않기 위해 다양한 기술 사용,T1134,Access Token Manipulation,공격자가 토큰 조작으로 탐지 회피,정상 사용자로 위장,https://attack.mitre.org/techniques/T1134/
TA0005,Defense Evasion (방어 회피),공격자가 보안 탐지를 회피하는 단계. 탐지되지 않기 위해 다양한 기술 사용,T1197,BITS Jobs,공격자가 BITS로 은밀히 다운로드,백그라운드에서 눈에 띄지 않게 파일 전송,https://attack.mitre.org/techniques/T1197/
TA0005,Defense Evasion (방어 회피),공격자가 보안 탐지를 회피하는 단계. 탐지되지 않기 위해 다양한 기술 사용,T1612,Build Image on Host,공격자가 호스트에서 이미지 빌드,악성 컨테이너를 현장에서 생성하여 탐지 회피,https://attack.mitre.org/techniques/T1612/
TA0005,Defense Evasion (방어 회피),공격자가 보안 탐지를 회피하는 단계. 탐지되지 않기 위해 다양한 기술 사용,T1622,Debugger Evasion,공격자가 디버거 탐지 회피,분석 도구를 감지하고 동작 변경,https://attack.mitre.org/techniques/T1622/
TA0005,Defense Evasion (방어 회피),공격자가 보안 탐지를 회피하는 단계. 탐지되지 않기 위해 다양한 기술 사용,T1140,Deobfuscate/Decode Files or Information,공격자가 난독화 해제,실행 시점에 암호화된 코드 복호화,https://attack.mitre.org/techniques/T1140/
TA0005,Defense Evasion (방어 회피),공격자가 보안 탐지를 회피하는 단계. 탐지되지 않기 위해 다양한 기술 사용,T1610,Deploy Container,공격자가 컨테이너로 탐지 회피,격리된 환경에서 악성 활동 수행,https://attack.mitre.org/techniques/T1610/
TA0005,Defense Evasion (방어 회피),공격자가 보안 탐지를 회피하는 단계. 탐지되지 않기 위해 다양한 기술 사용,T1006,Direct Volume Access,공격자가 볼륨에 직접 접근,파일 시스템 모니터링 우회,https://attack.mitre.org/techniques/T1006/
TA0005,Defense Evasion (방어 회피),공격자가 보안 탐지를 회피하는 단계. 탐지되지 않기 위해 다양한 기술 사용,T1484,Domain or Tenant Policy Modification,공격자가 도메인 정책 수정,보안 정책 약화,https://attack.mitre.org/techniques/T1484/
TA0005,Defense Evasion (방어 회피),공격자가 보안 탐지를 회피하는 단계. 탐지되지 않기 위해 다양한 기술 사용,T1480,Execution Guardrails,공격자가 실행 제약 조건 설정,특정 환경에서만 악성코드 실행,https://attack.mitre.org/techniques/T1480/
TA0005,Defense Evasion (방어 회피),공격자가 보안 탐지를 회피하는 단계. 탐지되지 않기 위해 다양한 기술 사용,T1211,Exploitation for Defense Evasion,공격자가 취약점으로 방어 우회,보안 소프트웨어 무력화,https://attack.mitre.org/techniques/T1211/
TA0005,Defense Evasion (방어 회피),공격자가 보안 탐지를 회피하는 단계. 탐지되지 않기 위해 다양한 기술 사용,T1222,File and Directory Permissions Modification,공격자가 파일 권한 변경,접근 제어 우회,https://attack.mitre.org/techniques/T1222/
TA0005,Defense Evasion (방어 회피),공격자가 보안 탐지를 회피하는 단계. 탐지되지 않기 위해 다양한 기술 사용,T1564,Hide Artifacts,공격자가 흔적 숨김,숨김 파일이나 프로세스로 은닉,https://attack.mitre.org/techniques/T1564/
TA0005,Defense Evasion (방어 회피),공격자가 보안 탐지를 회피하는 단계. 탐지되지 않기 위해 다양한 기술 사용,T1574,Hijack Execution Flow,공격자가 실행 흐름 가로채기,정상 프로그램으로 위장,https://attack.mitre.org/techniques/T1574/
TA0005,Defense Evasion (방어 회피),공격자가 보안 탐지를 회피하는 단계. 탐지되지 않기 위해 다양한 기술 사용,T1562,Impair Defenses,공격자가 방어 체계 손상,백신이나 방화벽 비활성화,https://attack.mitre.org/techniques/T1562/
TA0005,Defense Evasion (방어 회피),공격자가 보안 탐지를 회피하는 단계. 탐지되지 않기 위해 다양한 기술 사용,T1070,Indicator Removal,공격자가 침해 지표 제거,로그 삭제로 흔적 제거,https://attack.mitre.org/techniques/T1070/
TA0005,Defense Evasion (방어 회피),공격자가 보안 탐지를 회피하는 단계. 탐지되지 않기 위해 다양한 기술 사용,T1202,Indirect Command Execution,공격자가 간접 명령 실행,정상 도구로 악성 명령 우회 실행,https://attack.mitre.org/techniques/T1202/
TA0005,Defense Evasion (방어 회피),공격자가 보안 탐지를 회피하는 단계. 탐지되지 않기 위해 다양한 기술 사용,T1036,Masquerading,공격자가 위장함,정상 파일명으로 악성코드 위장,https://attack.mitre.org/techniques/T1036/
TA0005,Defense Evasion (방어 회피),공격자가 보안 탐지를 회피하는 단계. 탐지되지 않기 위해 다양한 기술 사용,T1556,Modify Authentication Process,공격자가 인증 과정 변경,로그인 모니터링 우회,https://attack.mitre.org/techniques/T1556/
TA0005,Defense Evasion (방어 회피),공격자가 보안 탐지를 회피하는 단계. 탐지되지 않기 위해 다양한 기술 사용,T1578,Modify Cloud Compute Infrastructure,공격자가 클라우드 인프라 수정,클라우드 보안 설정 약화,https://attack.mitre.org/techniques/T1578/
TA0005,Defense Evasion (방어 회피),공격자가 보안 탐지를 회피하는 단계. 탐지되지 않기 위해 다양한 기술 사용,T1112,Modify Registry,공격자가 레지스트리 수정,보안 설정 변경,https://attack.mitre.org/techniques/T1112/
TA0005,Defense Evasion (방어 회피),공격자가 보안 탐지를 회피하는 단계. 탐지되지 않기 위해 다양한 기술 사용,T1601,Modify System Image,공격자가 시스템 이미지 변조,네트워크 장비 펌웨어 수정,https://attack.mitre.org/techniques/T1601/
TA0005,Defense Evasion (방어 회피),공격자가 보안 탐지를 회피하는 단계. 탐지되지 않기 위해 다양한 기술 사용,T1599,Network Boundary Bridging,공격자가 네트워크 경계 우회,방화벽 규칙 우회,https://attack.mitre.org/techniques/T1599/
TA0005,Defense Evasion (방어 회피),공격자가 보안 탐지를 회피하는 단계. 탐지되지 않기 위해 다양한 기술 사용,T1027,Obfuscated Files or Information,공격자가 파일이나 정보를 난독화,코드 암호화로 탐지 회피,https://attack.mitre.org/techniques/T1027/
TA0005,Defense Evasion (방어 회피),공격자가 보안 탐지를 회피하는 단계. 탐지되지 않기 위해 다양한 기술 사용,T1647,Plist File Modification,공격자가 plist 파일 수정,macOS 설정 조작,https://attack.mitre.org/techniques/T1647/
TA0005,Defense Evasion (방어 회피),공격자가 보안 탐지를 회피하는 단계. 탐지되지 않기 위해 다양한 기술 사용,T1542,Pre-OS Boot,공격자가 부팅 전 단계 악용,부트킷으로 OS 탐지 우회,https://attack.mitre.org/techniques/T1542/
TA0005,Defense Evasion (방어 회피),공격자가 보안 탐지를 회피하는 단계. 탐지되지 않기 위해 다양한 기술 사용,T1055,Process Injection,공격자가 프로세스 인젝션,정상 프로세스에 악성 코드 주입,https://attack.mitre.org/techniques/T1055/
TA0005,Defense Evasion (방어 회피),공격자가 보안 탐지를 회피하는 단계. 탐지되지 않기 위해 다양한 기술 사용,T1620,Reflective Code Loading,공격자가 반사 코드 로딩,메모리에서 직접 실행하여 디스크 흔적 없음,https://attack.mitre.org/techniques/T1620/
TA0005,Defense Evasion (방어 회피),공격자가 보안 탐지를 회피하는 단계. 탐지되지 않기 위해 다양한 기술 사용,T1207,Rogue Domain Controller,공격자가 가짜 도메인 컨트롤러 설치,Active Directory 탐지 우회,https://attack.mitre.org/techniques/T1207/
TA0005,Defense Evasion (방어 회피),공격자가 보안 탐지를 회피하는 단계. 탐지되지 않기 위해 다양한 기술 사용,T1014,Rootkit,공격자가 루트킷 설치,시스템 깊숙이 숨어서 탐지 불가,https://attack.mitre.org/techniques/T1014/
TA0005,Defense Evasion (방어 회피),공격자가 보안 탐지를 회피하는 단계. 탐지되지 않기 위해 다양한 기술 사용,T1218,System Binary Proxy Execution,공격자가 시스템 바이너리로 우회 실행,정상 Windows 도구로 악성 코드 실행,https://attack.mitre.org/techniques/T1218/
TA0005,Defense Evasion (방어 회피),공격자가 보안 탐지를 회피하는 단계. 탐지되지 않기 위해 다양한 기술 사용,T1216,System Script Proxy Execution,공격자가 시스템 스크립트로 우회,PubPrn.vbs 같은 정상 스크립트 악용,https://attack.mitre.org/techniques/T1216/
TA0005,Defense Evasion (방어 회피),공격자가 보안 탐지를 회피하는 단계. 탐지되지 않기 위해 다양한 기술 사용,T1221,Template Injection,공격자가 템플릿 인젝션,문서 템플릿으로 악성코드 실행,https://attack.mitre.org/techniques/T1221/
TA0005,Defense Evasion (방어 회피),공격자가 보안 탐지를 회피하는 단계. 탐지되지 않기 위해 다양한 기술 사용,T1205,Traffic Signaling,공격자가 트래픽 시그널로 은닉,특정 신호로만 활성화되어 탐지 회피,https://attack.mitre.org/techniques/T1205/
TA0005,Defense Evasion (방어 회피),공격자가 보안 탐지를 회피하는 단계. 탐지되지 않기 위해 다양한 기술 사용,T1127,Trusted Developer Utilities Proxy Execution,공격자가 신뢰 개발 도구 악용,MSBuild.exe로 악성 코드 실행,https://attack.mitre.org/techniques/T1127/
TA0005,Defense Evasion (방어 회피),공격자가 보안 탐지를 회피하는 단계. 탐지되지 않기 위해 다양한 기술 사용,T1535,Unused/Unsupported Cloud Regions,공격자가 미사용 클라우드 지역 악용,모니터링 안 되는 지역에서 활동,https://attack.mitre.org/techniques/T1535/
TA0005,Defense Evasion (방어 회피),공격자가 보안 탐지를 회피하는 단계. 탐지되지 않기 위해 다양한 기술 사용,T1550,Use Alternate Authentication Material,공격자가 대체 인증 자료 사용,패스워드 대신 해시나 티켓 사용,https://attack.mitre.org/techniques/T1550/
TA0005,Defense Evasion (방어 회피),공격자가 보안 탐지를 회피하는 단계. 탐지되지 않기 위해 다양한 기술 사용,T1078,Valid Accounts,공격자가 정상 계정 사용,정상 로그인으로 위장,https://attack.mitre.org/techniques/T1078/
TA0005,Defense Evasion (방어 회피),공격자가 보안 탐지를 회피하는 단계. 탐지되지 않기 위해 다양한 기술 사용,T1497,Virtualization/Sandbox Evasion,공격자가 가상환경 탐지 회피,샌드박스 환경에서 악성 행위 숨김,https://attack.mitre.org/techniques/T1497/
TA0005,Defense Evasion (방어 회피),공격자가 보안 탐지를 회피하는 단계. 탐지되지 않기 위해 다양한 기술 사용,T1600,Weaken Encryption,공격자가 암호화 약화,SSL/TLS 설정을 약한 것으로 변경,https://attack.mitre.org/techniques/T1600/
TA0005,Defense Evasion (방어 회피),공격자가 보안 탐지를 회피하는 단계. 탐지되지 않기 위해 다양한 기술 사용,T1220,XSL Script Processing,공격자가 XSL 스크립트 처리,wmic.exe로 악성 XSL 실행,https://attack.mitre.org/techniques/T1220/
TA0006,Credential Access (자격증명 접근),공격자가 계정 이름과 비밀번호를 훔치는 단계. 시스템 접근을 위한 자격증명 탈취,T1110,Brute Force,공격자가 무차별 대입 공격,비밀번호를 계속 시도하여 맞춤,https://attack.mitre.org/techniques/T1110/
TA0006,Credential Access (자격증명 접근),공격자가 계정 이름과 비밀번호를 훔치는 단계. 시스템 접근을 위한 자격증명 탈취,T1555,Credentials from Password Stores,공격자가 비밀번호 저장소에서 탈취,브라우저 저장된 비밀번호 추출,https://attack.mitre.org/techniques/T1555/
TA0006,Credential Access (자격증명 접근),공격자가 계정 이름과 비밀번호를 훔치는 단계. 시스템 접근을 위한 자격증명 탈취,T1212,Exploitation for Credential Access,공격자가 취약점으로 자격증명 접근,소프트웨어 버그를 이용한 비밀번호 탈취,https://attack.mitre.org/techniques/T1212/
TA0006,Credential Access (자격증명 접근),공격자가 계정 이름과 비밀번호를 훔치는 단계. 시스템 접근을 위한 자격증명 탈취,T1187,Forced Authentication,공격자가 강제 인증 유도,SMB 연결로 해시 탈취,https://attack.mitre.org/techniques/T1187/
TA0006,Credential Access (자격증명 접근),공격자가 계정 이름과 비밀번호를 훔치는 단계. 시스템 접근을 위한 자격증명 탈취,T1606,Forge Web Credentials,공격자가 웹 자격증명 위조,가짜 쿠키나 토큰 생성,https://attack.mitre.org/techniques/T1606/
TA0006,Credential Access (자격증명 접근),공격자가 계정 이름과 비밀번호를 훔치는 단계. 시스템 접근을 위한 자격증명 탈취,T1056,Input Capture,공격자가 입력을 캡처함,키로거로 타이핑 내용 기록,https://attack.mitre.org/techniques/T1056/
TA0006,Credential Access (자격증명 접근),공격자가 계정 이름과 비밀번호를 훔치는 단계. 시스템 접근을 위한 자격증명 탈취,T1556,Modify Authentication Process,공격자가 인증 과정 수정,로그인 과정에서 비밀번호 가로챔,https://attack.mitre.org/techniques/T1556/
TA0006,Credential Access (자격증명 접근),공격자가 계정 이름과 비밀번호를 훔치는 단계. 시스템 접근을 위한 자격증명 탈취,T1111,Multi-Factor Authentication Interception,공격자가 다중인증 가로챔,OTP 코드 중간에서 탈취,https://attack.mitre.org/techniques/T1111/
TA0006,Credential Access (자격증명 접근),공격자가 계정 이름과 비밀번호를 훔치는 단계. 시스템 접근을 위한 자격증명 탈취,T1621,Multi-Factor Authentication Request Generation,공격자가 MFA 요청 생성,피싱으로 MFA 승인 유도,https://attack.mitre.org/techniques/T1621/
TA0006,Credential Access (자격증명 접근),공격자가 계정 이름과 비밀번호를 훔치는 단계. 시스템 접근을 위한 자격증명 탈취,T1040,Network Sniffing,공격자가 네트워크 스니핑,네트워크 패킷에서 비밀번호 추출,https://attack.mitre.org/techniques/T1040/
TA0006,Credential Access (자격증명 접근),공격자가 계정 이름과 비밀번호를 훔치는 단계. 시스템 접근을 위한 자격증명 탈취,T1003,OS Credential Dumping,공격자가 OS 자격증명 덤프,메모리나 레지스트리에서 비밀번호 추출,https://attack.mitre.org/techniques/T1003/
TA0006,Credential Access (자격증명 접근),공격자가 계정 이름과 비밀번호를 훔치는 단계. 시스템 접근을 위한 자격증명 탈취,T1528,Steal Application Access Token,공격자가 애플리케이션 액세스 토큰 탈취,OAuth 토큰이나 API 키 훔침,https://attack.mitre.org/techniques/T1528/
TA0006,Credential Access (자격증명 접근),공격자가 계정 이름과 비밀번호를 훔치는 단계. 시스템 접근을 위한 자격증명 탈취,T1649,Steal or Forge Authentication Certificates,공격자가 인증서 탈취 또는 위조,디지털 인증서로 인증 우회,https://attack.mitre.org/techniques/T1649/
TA0006,Credential Access (자격증명 접근),공격자가 계정 이름과 비밀번호를 훔치는 단계. 시스템 접근을 위한 자격증명 탈취,T1552,Unsecured Credentials,공격자가 보안되지 않은 자격증명 탈취,평문 비밀번호 파일이나 설정 파일에서 추출,https://attack.mitre.org/techniques/T1552/
TA0007,Discovery (탐색),공격자가 침해한 환경에 대해 더 알아가는 단계. 시스템과 네트워크에 대한 정보 수집,T1087,Account Discovery,공격자가 계정 정보 탐색,시스템의 사용자 계정 목록 조회,https://attack.mitre.org/techniques/T1087/
TA0007,Discovery (탐색),공격자가 침해한 환경에 대해 더 알아가는 단계. 시스템과 네트워크에 대한 정보 수집,T1010,Application Window Discovery,공격자가 실행 중인 창 탐색,어떤 프로그램이 사용 중인지 확인,https://attack.mitre.org/techniques/T1010/
TA0007,Discovery (탐색),공격자가 침해한 환경에 대해 더 알아가는 단계. 시스템과 네트워크에 대한 정보 수집,T1217,Browser Information Discovery,공격자가 브라우저 정보 탐색,북마크나 방문 기록 조사,https://attack.mitre.org/techniques/T1217/
TA0007,Discovery (탐색),공격자가 침해한 환경에 대해 더 알아가는 단계. 시스템과 네트워크에 대한 정보 수집,T1580,Cloud Infrastructure Discovery,공격자가 클라우드 인프라 탐색,AWS나 Azure 리소스 조사,https://attack.mitre.org/techniques/T1580/
TA0007,Discovery (탐색),공격자가 침해한 환경에 대해 더 알아가는 단계. 시스템과 네트워크에 대한 정보 수집,T1538,Cloud Service Dashboard,공격자가 클라우드 대시보드 접근,클라우드 콘솔에서 정보 수집,https://attack.mitre.org/techniques/T1538/
TA0007,Discovery (탐색),공격자가 침해한 환경에 대해 더 알아가는 단계. 시스템과 네트워크에 대한 정보 수집,T1526,Cloud Service Discovery,공격자가 클라우드 서비스 탐색,사용 중인 클라우드 서비스 파악,https://attack.mitre.org/techniques/T1526/
TA0007,Discovery (탐색),공격자가 침해한 환경에 대해 더 알아가는 단계. 시스템과 네트워크에 대한 정보 수집,T1613,Container and Resource Discovery,공격자가 컨테이너 리소스 탐색,실행 중인 컨테이너 확인,https://attack.mitre.org/techniques/T1613/
TA0007,Discovery (탐색),공격자가 침해한 환경에 대해 더 알아가는 단계. 시스템과 네트워크에 대한 정보 수집,T1622,Debugger Evasion,공격자가 디버거 탐지,분석 환경인지 확인,https://attack.mitre.org/techniques/T1622/
TA0007,Discovery (탐색),공격자가 침해한 환경에 대해 더 알아가는 단계. 시스템과 네트워크에 대한 정보 수집,T1482,Domain Trust Discovery,공격자가 도메인 트러스트 탐색,신뢰 관계 있는 다른 도메인 찾기,https://attack.mitre.org/techniques/T1482/
TA0007,Discovery (탐색),공격자가 침해한 환경에 대해 더 알아가는 단계. 시스템과 네트워크에 대한 정보 수집,T1083,File and Directory Discovery,공격자가 파일과 디렉토리 탐색,중요 파일이나 폴더 찾기,https://attack.mitre.org/techniques/T1083/
TA0007,Discovery (탐색),공격자가 침해한 환경에 대해 더 알아가는 단계. 시스템과 네트워크에 대한 정보 수집,T1615,Group Policy Discovery,공격자가 그룹 정책 탐색,적용된 보안 정책 확인,https://attack.mitre.org/techniques/T1615/
TA0007,Discovery (탐색),공격자가 침해한 환경에 대해 더 알아가는 단계. 시스템과 네트워크에 대한 정보 수집,T1046,Network Service Discovery,공격자가 네트워크 서비스 탐색,열린 포트와 서비스 스캔,https://attack.mitre.org/techniques/T1046/
TA0007,Discovery (탐색),공격자가 침해한 환경에 대해 더 알아가는 단계. 시스템과 네트워크에 대한 정보 수집,T1135,Network Share Discovery,공격자가 네트워크 공유 탐색,공유 폴더나 드라이브 찾기,https://attack.mitre.org/techniques/T1135/
TA0007,Discovery (탐색),공격자가 침해한 환경에 대해 더 알아가는 단계. 시스템과 네트워크에 대한 정보 수집,T1040,Network Sniffing,공격자가 네트워크 스니핑,네트워크 트래픽 감청,https://attack.mitre.org/techniques/T1040/
TA0007,Discovery (탐색),공격자가 침해한 환경에 대해 더 알아가는 단계. 시스템과 네트워크에 대한 정보 수집,T1201,Password Policy Discovery,공격자가 비밀번호 정책 탐색,비밀번호 복잡도 요구사항 확인,https://attack.mitre.org/techniques/T1201/
TA0007,Discovery (탐색),공격자가 침해한 환경에 대해 더 알아가는 단계. 시스템과 네트워크에 대한 정보 수집,T1120,Peripheral Device Discovery,공격자가 주변 장치 탐색,연결된 USB 장치나 프린터 확인,https://attack.mitre.org/techniques/T1120/
TA0007,Discovery (탐색),공격자가 침해한 환경에 대해 더 알아가는 단계. 시스템과 네트워크에 대한 정보 수집,T1069,Permission Groups Discovery,공격자가 권한 그룹 탐색,관리자 그룹 멤버 확인,https://attack.mitre.org/techniques/T1069/
TA0007,Discovery (탐색),공격자가 침해한 환경에 대해 더 알아가는 단계. 시스템과 네트워크에 대한 정보 수집,T1057,Process Discovery,공격자가 프로세스 탐색,실행 중인 프로그램 목록 확인,https://attack.mitre.org/techniques/T1057/
TA0007,Discovery (탐색),공격자가 침해한 환경에 대해 더 알아가는 단계. 시스템과 네트워크에 대한 정보 수집,T1012,Query Registry,공격자가 레지스트리 조회,Windows 레지스트리에서 정보 추출,https://attack.mitre.org/techniques/T1012/
TA0007,Discovery (탐색),공격자가 침해한 환경에 대해 더 알아가는 단계. 시스템과 네트워크에 대한 정보 수집,T1018,Remote System Discovery,공격자가 원격 시스템 탐색,네트워크의 다른 컴퓨터 찾기,https://attack.mitre.org/techniques/T1018/
TA0007,Discovery (탐색),공격자가 침해한 환경에 대해 더 알아가는 단계. 시스템과 네트워크에 대한 정보 수집,T1518,Software Discovery,공격자가 소프트웨어 탐색,설치된 프로그램 목록 확인,https://attack.mitre.org/techniques/T1518/
TA0007,Discovery (탐색),공격자가 침해한 환경에 대해 더 알아가는 단계. 시스템과 네트워크에 대한 정보 수집,T1082,System Information Discovery,공격자가 시스템 정보 탐색,OS 버전이나 하드웨어 정보 수집,https://attack.mitre.org/techniques/T1082/
TA0007,Discovery (탐색),공격자가 침해한 환경에 대해 더 알아가는 단계. 시스템과 네트워크에 대한 정보 수집,T1016,System Network Configuration Discovery,공격자가 네트워크 설정 탐색,IP 주소나 DNS 설정 확인,https://attack.mitre.org/techniques/T1016/
TA0007,Discovery (탐색),공격자가 침해한 환경에 대해 더 알아가는 단계. 시스템과 네트워크에 대한 정보 수집,T1049,System Network Connections Discovery,공격자가 네트워크 연결 탐색,현재 네트워크 연결 상태 확인,https://attack.mitre.org/techniques/T1049/
TA0007,Discovery (탐색),공격자가 침해한 환경에 대해 더 알아가는 단계. 시스템과 네트워크에 대한 정보 수집,T1033,System Owner/User Discovery,공격자가 시스템 소유자 탐색,현재 로그인한 사용자 확인,https://attack.mitre.org/techniques/T1033/
TA0007,Discovery (탐색),공격자가 침해한 환경에 대해 더 알아가는 단계. 시스템과 네트워크에 대한 정보 수집,T1007,System Service Discovery,공격자가 시스템 서비스 탐색,실행 중인 서비스 확인,https://attack.mitre.org/techniques/T1007/
TA0007,Discovery (탐색),공격자가 침해한 환경에 대해 더 알아가는 단계. 시스템과 네트워크에 대한 정보 수집,T1124,System Time Discovery,공격자가 시스템 시간 탐색,시스템 시간대와 현재 시각 확인,https://attack.mitre.org/techniques/T1124/
TA0007,Discovery (탐색),공격자가 침해한 환경에 대해 더 알아가는 단계. 시스템과 네트워크에 대한 정보 수집,T1497,Virtualization/Sandbox Evasion,공격자가 가상환경 탐지,샌드박스 환경인지 확인,https://attack.mitre.org/techniques/T1497/
TA0008,Lateral Movement (측면 이동),공격자가 네트워크 내 다른 시스템으로 이동하는 단계. 추가 시스템 장악으로 확산,T1210,Exploitation of Remote Services,공격자가 원격 서비스 취약점 악용,다른 컴퓨터의 보안 허점 이용,https://attack.mitre.org/techniques/T1210/
TA0008,Lateral Movement (측면 이동),공격자가 네트워크 내 다른 시스템으로 이동하는 단계. 추가 시스템 장악으로 확산,T1534,Internal Spearphishing,공격자가 내부 스피어피싱,이미 침해한 계정으로 내부 직원 공격,https://attack.mitre.org/techniques/T1534/
TA0008,Lateral Movement (측면 이동),공격자가 네트워크 내 다른 시스템으로 이동하는 단계. 추가 시스템 장악으로 확산,T1570,Lateral Tool Transfer,공격자가 도구를 측면 전송,해킹 도구를 다른 컴퓨터로 복사,https://attack.mitre.org/techniques/T1570/
TA0008,Lateral Movement (측면 이동),공격자가 네트워크 내 다른 시스템으로 이동하는 단계. 추가 시스템 장악으로 확산,T1563,Remote Service Session Hijacking,공격자가 원격 서비스 세션 탈취,다른 사용자의 원격 세션 가로채기,https://attack.mitre.org/techniques/T1563/
TA0008,Lateral Movement (측면 이동),공격자가 네트워크 내 다른 시스템으로 이동하는 단계. 추가 시스템 장악으로 확산,T1021,Remote Services,공격자가 원격 서비스 사용,RDP나 SSH로 다른 시스템 접근,https://attack.mitre.org/techniques/T1021/
TA0008,Lateral Movement (측면 이동),공격자가 네트워크 내 다른 시스템으로 이동하는 단계. 추가 시스템 장악으로 확산,T1091,Replication Through Removable Media,공격자가 이동식 매체로 전파,USB로 다른 컴퓨터 감염,https://attack.mitre.org/techniques/T1091/
TA0008,Lateral Movement (측면 이동),공격자가 네트워크 내 다른 시스템으로 이동하는 단계. 추가 시스템 장악으로 확산,T1072,Software Deployment Tools,공격자가 소프트웨어 배포 도구 악용,SCCM으로 네트워크 전체 감염,https://attack.mitre.org/techniques/T1072/
TA0008,Lateral Movement (측면 이동),공격자가 네트워크 내 다른 시스템으로 이동하는 단계. 추가 시스템 장악으로 확산,T1080,Taint Shared Content,공격자가 공유 콘텐츠 오염,공유 폴더에 악성 파일 배치,https://attack.mitre.org/techniques/T1080/
TA0008,Lateral Movement (측면 이동),공격자가 네트워크 내 다른 시스템으로 이동하는 단계. 추가 시스템 장악으로 확산,T1550,Use Alternate Authentication Material,공격자가 대체 인증 자료 사용,패스더해시로 다른 시스템 접근,https://attack.mitre.org/techniques/T1550/
TA0009,Collection (수집),공격자가 목표 정보를 모으는 단계. 유출할 데이터 수집 및 집합,T1557,Adversary-in-the-Middle,공격자가 중간자 공격,통신 중간에서 데이터 가로챔,https://attack.mitre.org/techniques/T1557/
TA0009,Collection (수집),공격자가 목표 정보를 모으는 단계. 유출할 데이터 수집 및 집합,T1560,Archive Collected Data,공격자가 수집한 데이터 압축,유출 전 파일을 압축하고 암호화,https://attack.mitre.org/techniques/T1560/
TA0009,Collection (수집),공격자가 목표 정보를 모으는 단계. 유출할 데이터 수집 및 집합,T1123,Audio Capture,공격자가 오디오 캡처,마이크로 대화 녹음,https://attack.mitre.org/techniques/T1123/
TA0009,Collection (수집),공격자가 목표 정보를 모으는 단계. 유출할 데이터 수집 및 집합,T1119,Automated Collection,공격자가 자동 수집,스크립트로 자동으로 파일 수집,https://attack.mitre.org/techniques/T1119/
TA0009,Collection (수집),공격자가 목표 정보를 모으는 단계. 유출할 데이터 수집 및 집합,T1185,Browser Session Hijacking,공격자가 브라우저 세션 탈취,로그인된 웹 세션 가로채기,https://attack.mitre.org/techniques/T1185/
TA0009,Collection (수집),공격자가 목표 정보를 모으는 단계. 유출할 데이터 수집 및 집합,T1115,Clipboard Data,공격자가 클립보드 데이터 수집,복사한 내용 훔침,https://attack.mitre.org/techniques/T1115/
TA0009,Collection (수집),공격자가 목표 정보를 모으는 단계. 유출할 데이터 수집 및 집합,T1530,Data from Cloud Storage,공격자가 클라우드 스토리지에서 데이터 수집,S3나 Blob Storage에서 파일 다운로드,https://attack.mitre.org/techniques/T1530/
TA0009,Collection (수집),공격자가 목표 정보를 모으는 단계. 유출할 데이터 수집 및 집합,T1602,Data from Configuration Repository,공격자가 설정 저장소에서 데이터 수집,네트워크 장비 설정 추출,https://attack.mitre.org/techniques/T1602/
TA0009,Collection (수집),공격자가 목표 정보를 모으는 단계. 유출할 데이터 수집 및 집합,T1213,Data from Information Repositories,공격자가 정보 저장소에서 데이터 수집,SharePoint나 Confluence에서 문서 수집,https://attack.mitre.org/techniques/T1213/
TA0009,Collection (수집),공격자가 목표 정보를 모으는 단계. 유출할 데이터 수집 및 집합,T1005,Data from Local System,공격자가 로컬 시스템에서 데이터 수집,하드디스크에서 파일 복사,https://attack.mitre.org/techniques/T1005/
TA0009,Collection (수집),공격자가 목표 정보를 모으는 단계. 유출할 데이터 수집 및 집합,T1039,Data from Network Shared Drive,공격자가 네트워크 공유 드라이브에서 데이터 수집,공유 폴더에서 문서 복사,https://attack.mitre.org/techniques/T1039/
TA0009,Collection (수집),공격자가 목표 정보를 모으는 단계. 유출할 데이터 수집 및 집합,T1025,Data from Removable Media,공격자가 이동식 매체에서 데이터 수집,USB 드라이브에서 파일 복사,https://attack.mitre.org/techniques/T1025/
TA0009,Collection (수집),공격자가 목표 정보를 모으는 단계. 유출할 데이터 수집 및 집합,T1074,Data Staged,공격자가 데이터를 준비,유출 전 한 곳에 모음,https://attack.mitre.org/techniques/T1074/
TA0009,Collection (수집),공격자가 목표 정보를 모으는 단계. 유출할 데이터 수집 및 집합,T1114,Email Collection,공격자가 이메일 수집,받은편지함이나 PST 파일 복사,https://attack.mitre.org/techniques/T1114/
TA0009,Collection (수집),공격자가 목표 정보를 모으는 단계. 유출할 데이터 수집 및 집합,T1056,Input Capture,공격자가 입력 캡처,키로거나 폼 탈취,https://attack.mitre.org/techniques/T1056/
TA0009,Collection (수집),공격자가 목표 정보를 모으는 단계. 유출할 데이터 수집 및 집합,T1113,Screen Capture,공격자가 화면 캡처,스크린샷 찍어서 저장,https://attack.mitre.org/techniques/T1113/
TA0009,Collection (수집),공격자가 목표 정보를 모으는 단계. 유출할 데이터 수집 및 집합,T1125,Video Capture,공격자가 비디오 캡처,웹캠으로 녹화,https://attack.mitre.org/techniques/T1125/
TA0010,Command and Control (명령 및 제어),공격자가 침해한 시스템과 통신하는 단계. 원격 제어를 위한 통신 채널 구축,T1071,Application Layer Protocol,공격자가 애플리케이션 계층 프로토콜 사용,HTTP나 DNS로 명령 전달,https://attack.mitre.org/techniques/T1071/
TA0010,Command and Control (명령 및 제어),공격자가 침해한 시스템과 통신하는 단계. 원격 제어를 위한 통신 채널 구축,T1092,Communication Through Removable Media,공격자가 이동식 매체로 통신,USB로 명령 전달,https://attack.mitre.org/techniques/T1092/
TA0010,Command and Control (명령 및 제어),공격자가 침해한 시스템과 통신하는 단계. 원격 제어를 위한 통신 채널 구축,T1132,Data Encoding,공격자가 데이터 인코딩,통신 내용을 인코딩하여 숨김,https://attack.mitre.org/techniques/T1132/
TA0010,Command and Control (명령 및 제어),공격자가 침해한 시스템과 통신하는 단계. 원격 제어를 위한 통신 채널 구축,T1001,Data Obfuscation,공격자가 데이터 난독화,통신 패턴을 감추기 위해 변조,https://attack.mitre.org/techniques/T1001/
TA0010,Command and Control (명령 및 제어),공격자가 침해한 시스템과 통신하는 단계. 원격 제어를 위한 통신 채널 구축,T1568,Dynamic Resolution,공격자가 동적 해석 사용,DGA로 C2 서버 주소 변경,https://attack.mitre.org/techniques/T1568/
TA0010,Command and Control (명령 및 제어),공격자가 침해한 시스템과 통신하는 단계. 원격 제어를 위한 통신 채널 구축,T1573,Encrypted Channel,공격자가 암호화 채널 사용,SSL/TLS로 통신 암호화,https://attack.mitre.org/techniques/T1573/
TA0010,Command and Control (명령 및 제어),공격자가 침해한 시스템과 통신하는 단계. 원격 제어를 위한 통신 채널 구축,T1008,Fallback Channels,공격자가 대체 채널 사용,주 채널 차단 시 백업 채널로 전환,https://attack.mitre.org/techniques/T1008/
TA0010,Command and Control (명령 및 제어),공격자가 침해한 시스템과 통신하는 단계. 원격 제어를 위한 통신 채널 구축,T1105,Ingress Tool Transfer,공격자가 도구 전송,C2 서버에서 추가 도구 다운로드,https://attack.mitre.org/techniques/T1105/
TA0010,Command and Control (명령 및 제어),공격자가 침해한 시스템과 통신하는 단계. 원격 제어를 위한 통신 채널 구축,T1104,Multi-Stage Channels,공격자가 다단계 채널 사용,여러 서버를 거쳐 통신,https://attack.mitre.org/techniques/T1104/
TA0010,Command and Control (명령 및 제어),공격자가 침해한 시스템과 통신하는 단계. 원격 제어를 위한 통신 채널 구축,T1095,Non-Application Layer Protocol,공격자가 비애플리케이션 계층 프로토콜 사용,ICMP나 커스텀 프로토콜로 통신,https://attack.mitre.org/techniques/T1095/
TA0010,Command and Control (명령 및 제어),공격자가 침해한 시스템과 통신하는 단계. 원격 제어를 위한 통신 채널 구축,T1571,Non-Standard Port,공격자가 비표준 포트 사용,일반적이지 않은 포트로 통신,https://attack.mitre.org/techniques/T1571/
TA0010,Command and Control (명령 및 제어),공격자가 침해한 시스템과 통신하는 단계. 원격 제어를 위한 통신 채널 구축,T1572,Protocol Tunneling,공격자가 프로토콜 터널링,허용된 프로토콜 안에 명령 숨김,https://attack.mitre.org/techniques/T1572/
TA0010,Command and Control (명령 및 제어),공격자가 침해한 시스템과 통신하는 단계. 원격 제어를 위한 통신 채널 구축,T1090,Proxy,공격자가 프록시 사용,중간 서버를 통해 통신,https://attack.mitre.org/techniques/T1090/
TA0010,Command and Control (명령 및 제어),공격자가 침해한 시스템과 통신하는 단계. 원격 제어를 위한 통신 채널 구축,T1219,Remote Access Software,공격자가 원격 접근 소프트웨어 사용,TeamViewer 같은 정상 도구 악용,https://attack.mitre.org/techniques/T1219/
TA0010,Command and Control (명령 및 제어),공격자가 침해한 시스템과 통신하는 단계. 원격 제어를 위한 통신 채널 구축,T1205,Traffic Signaling,공격자가 트래픽 신호 사용,특정 패킷으로 백도어 활성화,https://attack.mitre.org/techniques/T1205/
TA0010,Command and Control (명령 및 제어),공격자가 침해한 시스템과 통신하는 단계. 원격 제어를 위한 통신 채널 구축,T1102,Web Service,공격자가 웹 서비스 사용,트위터나 Pastebin으로 명령 전달,https://attack.mitre.org/techniques/T1102/
TA0011,Exfiltration (유출),공격자가 데이터를 네트워크 밖으로 빼내는 단계. 훔친 정보를 외부로 전송,T1020,Automated Exfiltration,공격자가 자동 유출,스크립트로 자동으로 데이터 전송,https://attack.mitre.org/techniques/T1020/
TA0011,Exfiltration (유출),공격자가 데이터를 네트워크 밖으로 빼내는 단계. 훔친 정보를 외부로 전송,T1030,Data Transfer Size Limits,공격자가 데이터 전송 크기 제한,작은 조각으로 나눠서 탐지 회피,https://attack.mitre.org/techniques/T1030/
TA0011,Exfiltration (유출),공격자가 데이터를 네트워크 밖으로 빼내는 단계. 훔친 정보를 외부로 전송,T1048,Exfiltration Over Alternative Protocol,공격자가 대체 프로토콜로 유출,FTP나 SMTP로 데이터 전송,https://attack.mitre.org/techniques/T1048/
TA0011,Exfiltration (유출),공격자가 데이터를 네트워크 밖으로 빼내는 단계. 훔친 정보를 외부로 전송,T1041,Exfiltration Over C2 Channel,공격자가 C2 채널로 유출,명령 채널을 통해 데이터 전송,https://attack.mitre.org/techniques/T1041/
TA0011,Exfiltration (유출),공격자가 데이터를 네트워크 밖으로 빼내는 단계. 훔친 정보를 외부로 전송,T1011,Exfiltration Over Other Network Medium,공격자가 다른 네트워크 매체로 유출,블루투스나 Wi-Fi로 전송,https://attack.mitre.org/techniques/T1011/
TA0011,Exfiltration (유출),공격자가 데이터를 네트워크 밖으로 빼내는 단계. 훔친 정보를 외부로 전송,T1052,Exfiltration Over Physical Medium,공격자가 물리 매체로 유출,USB에 복사해서 반출,https://attack.mitre.org/techniques/T1052/
TA0011,Exfiltration (유출),공격자가 데이터를 네트워크 밖으로 빼내는 단계. 훔친 정보를 외부로 전송,T1567,Exfiltration Over Web Service,공격자가 웹 서비스로 유출,Dropbox나 Google Drive에 업로드,https://attack.mitre.org/techniques/T1567/
TA0011,Exfiltration (유출),공격자가 데이터를 네트워크 밖으로 빼내는 단계. 훔친 정보를 외부로 전송,T1029,Scheduled Transfer,공격자가 예약 전송,특정 시간에만 데이터 전송,https://attack.mitre.org/techniques/T1029/
TA0011,Exfiltration (유출),공격자가 데이터를 네트워크 밖으로 빼내는 단계. 훔친 정보를 외부로 전송,T1537,Transfer Data to Cloud Account,공격자가 클라우드 계정으로 전송,자신의 클라우드 스토리지로 복사,https://attack.mitre.org/techniques/T1537/
TA0040,Impact (영향),공격자가 시스템과 데이터를 조작하거나 파괴하는 단계. 가용성과 무결성 훼손,T1531,Account Access Removal,공격자가 계정 접근 제거,비밀번호 변경으로 사용자 차단,https://attack.mitre.org/techniques/T1531/
TA0040,Impact (영향),공격자가 시스템과 데이터를 조작하거나 파괴하는 단계. 가용성과 무결성 훼손,T1485,Data Destruction,공격자가 데이터 파괴,파일 삭제나 디스크 포맷,https://attack.mitre.org/techniques/T1485/
TA0040,Impact (영향),공격자가 시스템과 데이터를 조작하거나 파괴하는 단계. 가용성과 무결성 훼손,T1486,Data Encrypted for Impact,공격자가 데이터 암호화,랜섬웨어로 파일 암호화,https://attack.mitre.org/techniques/T1486/
TA0040,Impact (영향),공격자가 시스템과 데이터를 조작하거나 파괴하는 단계. 가용성과 무결성 훼손,T1565,Data Manipulation,공격자가 데이터 조작,파일 내용을 몰래 변경,https://attack.mitre.org/techniques/T1565/
TA0040,Impact (영향),공격자가 시스템과 데이터를 조작하거나 파괴하는 단계. 가용성과 무결성 훼손,T1491,Defacement,공격자가 웹사이트 변조,홈페이지를 해킹 메시지로 변경,https://attack.mitre.org/techniques/T1491/
TA0040,Impact (영향),공격자가 시스템과 데이터를 조작하거나 파괴하는 단계. 가용성과 무결성 훼손,T1561,Disk Wipe,공격자가 디스크 삭제,하드디스크 전체 삭제,https://attack.mitre.org/techniques/T1561/
TA0040,Impact (영향),공격자가 시스템과 데이터를 조작하거나 파괴하는 단계. 가용성과 무결성 훼손,T1499,Endpoint Denial of Service,공격자가 엔드포인트 서비스 거부,특정 시스템의 자원 고갈,https://attack.mitre.org/techniques/T1499/
TA0040,Impact (영향),공격자가 시스템과 데이터를 조작하거나 파괴하는 단계. 가용성과 무결성 훼손,T1657,Financial Theft,공격자가 금융 절도,은행 계좌나 암호화폐 탈취,https://attack.mitre.org/techniques/T1657/
TA0040,Impact (영향),공격자가 시스템과 데이터를 조작하거나 파괴하는 단계. 가용성과 무결성 훼손,T1495,Firmware Corruption,공격자가 펌웨어 손상,BIOS나 UEFI 파괴하여 부팅 불가,https://attack.mitre.org/techniques/T1495/
TA0040,Impact (영향),공격자가 시스템과 데이터를 조작하거나 파괴하는 단계. 가용성과 무결성 훼손,T1490,Inhibit System Recovery,공격자가 시스템 복구 방해,백업이나 복원 지점 삭제,https://attack.mitre.org/techniques/T1490/
TA0040,Impact (영향),공격자가 시스템과 데이터를 조작하거나 파괴하는 단계. 가용성과 무결성 훼손,T1498,Network Denial of Service,공격자가 네트워크 서비스 거부,DDoS 공격으로 서비스 마비,https://attack.mitre.org/techniques/T1498/
TA0040,Impact (영향),공격자가 시스템과 데이터를 조작하거나 파괴하는 단계. 가용성과 무결성 훼손,T1496,Resource Hijacking,공격자가 자원 탈취,시스템으로 암호화폐 채굴,https://attack.mitre.org/techniques/T1496/
TA0040,Impact (영향),공격자가 시스템과 데이터를 조작하거나 파괴하는 단계. 가용성과 무결성 훼손,T1489,Service Stop,공격자가 서비스 중지,중요 서비스나 프로세스 종료,https://attack.mitre.org/techniques/T1489/
TA0040,Impact (영향),공격자가 시스템과 데이터를 조작하거나 파괴하는 단계. 가용성과 무결성 훼손,T1529,System Shutdown/Reboot,공격자가 시스템 종료/재시작,컴퓨터를 강제로 종료하거나 재시작,https://attack.mitre.org/techniques/T1529/
